{
  "dev": {
    "awscloudformation": {
      "AuthRoleName": "amplify-myapp-dev-5a3e3-authRole",
      "UnauthRoleArn": "arn:aws:iam::529088284571:role/amplify-myapp-dev-5a3e3-unauthRole",
      "AuthRoleArn": "arn:aws:iam::529088284571:role/amplify-myapp-dev-5a3e3-authRole",
      "Region": "us-east-1",
      "DeploymentBucketName": "amplify-myapp-dev-5a3e3-deployment",
      "UnauthRoleName": "amplify-myapp-dev-5a3e3-unauthRole",
      "StackName": "amplify-myapp-dev-5a3e3",
      "StackId": "arn:aws:cloudformation:us-east-1:529088284571:stack/amplify-myapp-dev-5a3e3/f3023a80-a4ff-11ef-94fa-0affd4ec70a1",
      "AmplifyAppId": "dh2qu7tgo6khz"
    },
    "categories": {
      "auth": {
        "myapp4627ac7c": {}
      },
      "hosting": {
        "S3AndCloudFront": {}
      }
    }
  }
}